-- العلومنجي Platform - Seed Data
-- 004_seed_data.sql

-- ==========================================
-- Sample Courses
-- ==========================================

INSERT INTO public.courses (id, title, description, grade, price, is_active, sort_order) VALUES
    ('11111111-1111-1111-1111-111111111111', 'كيمياء الصف الأول الثانوي', 'شرح منهج الكيمياء كاملاً للصف الأول الثانوي مع د. محمود سعيد - يشمل جميع الفصول والتجارب العملية', 'first_secondary', 500, true, 1),
    ('22222222-2222-2222-2222-222222222222', 'كيمياء الصف الثاني الثانوي', 'شرح منهج الكيمياء كاملاً للصف الثاني الثانوي مع د. محمود سعيد - يشمل الكيمياء العضوية وغير العضوية', 'second_secondary', 600, true, 2),
    ('33333333-3333-3333-3333-333333333333', 'كيمياء الصف الثالث الثانوي', 'شرح منهج الكيمياء كاملاً للصف الثالث الثانوي مع د. محمود سعيد - مراجعة شاملة وحل نماذج الثانوية العامة', 'third_secondary', 700, true, 3)
ON CONFLICT DO NOTHING;

-- ==========================================
-- Sample Units for First Secondary
-- ==========================================

INSERT INTO public.units (id, course_id, title, description, sort_order) VALUES
    ('aaaa1111-1111-1111-1111-111111111111', '11111111-1111-1111-1111-111111111111', 'الباب الأول: الكيمياء مركز العلوم', 'مقدمة في علم الكيمياء وتاريخها وعلاقتها بالعلوم الأخرى', 1),
    ('aaaa2222-2222-2222-2222-222222222222', '11111111-1111-1111-1111-111111111111', 'الباب الثاني: بنية الذرة', 'تركيب الذرة والنماذج الذرية والتوزيع الإلكتروني', 2),
    ('aaaa3333-3333-3333-3333-333333333333', '11111111-1111-1111-1111-111111111111', 'الباب الثالث: الجدول الدوري الحديث', 'ترتيب العناصر وخصائصها الدورية', 3)
ON CONFLICT DO NOTHING;

-- ==========================================
-- Sample Units for Second Secondary
-- ==========================================

INSERT INTO public.units (id, course_id, title, description, sort_order) VALUES
    ('bbbb1111-1111-1111-1111-111111111111', '22222222-2222-2222-2222-222222222222', 'الباب الأول: التركيب الذري', 'الأطياف الذرية وأعداد الكم والتوزيع الإلكتروني', 1),
    ('bbbb2222-2222-2222-2222-222222222222', '22222222-2222-2222-2222-222222222222', 'الباب الثاني: الروابط الكيميائية', 'أنواع الروابط والتهجين والشكل الهندسي للجزيئات', 2),
    ('bbbb3333-3333-3333-3333-333333333333', '22222222-2222-2222-2222-222222222222', 'الباب الثالث: الكيمياء الكهربية', 'الخلايا الجلفانية والتحليل الكهربي', 3)
ON CONFLICT DO NOTHING;

-- ==========================================
-- Sample Units for Third Secondary
-- ==========================================

INSERT INTO public.units (id, course_id, title, description, sort_order) VALUES
    ('cccc1111-1111-1111-1111-111111111111', '33333333-3333-3333-3333-333333333333', 'الباب الأول: العناصر الانتقالية', 'خصائص العناصر الانتقالية ومركباتها', 1),
    ('cccc2222-2222-2222-2222-222222222222', '33333333-3333-3333-3333-333333333333', 'الباب الثاني: التحليل الكيميائي', 'التحليل الكمي والنوعي وتطبيقاته', 2),
    ('cccc3333-3333-3333-3333-333333333333', '33333333-3333-3333-3333-333333333333', 'الباب الثالث: الكيمياء العضوية', 'الهيدروكربونات والمركبات العضوية', 3),
    ('cccc4444-4444-4444-4444-444444444444', '33333333-3333-3333-3333-333333333333', 'الباب الرابع: الكيمياء الحيوية', 'الكربوهيدرات والبروتينات والدهون', 4)
ON CONFLICT DO NOTHING;

-- ==========================================
-- Sample Lectures for First Secondary - Unit 1
-- ==========================================

INSERT INTO public.lectures (id, unit_id, title, description, content_type, video_duration, is_free, sort_order) VALUES
    ('lec11111-1111-1111-1111-111111111111', 'aaaa1111-1111-1111-1111-111111111111', 'مقدمة في علم الكيمياء', 'تعريف علم الكيمياء وأهميته في حياتنا اليومية', 'video', 1800, true, 1),
    ('lec11111-2222-2222-2222-222222222222', 'aaaa1111-1111-1111-1111-111111111111', 'فروع الكيمياء', 'التعرف على فروع الكيمياء المختلفة: عضوية، غير عضوية، فيزيائية، تحليلية', 'video', 2100, false, 2),
    ('lec11111-3333-3333-3333-333333333333', 'aaaa1111-1111-1111-1111-111111111111', 'الكيمياء والعلوم الأخرى', 'علاقة الكيمياء بالفيزياء والأحياء والجيولوجيا', 'video', 1500, false, 3),
    ('lec11111-4444-4444-4444-444444444444', 'aaaa1111-1111-1111-1111-111111111111', 'حل أسئلة الباب الأول', 'حل تمارين وأسئلة على الباب الأول', 'video', 2400, false, 4)
ON CONFLICT DO NOTHING;

-- ==========================================
-- Sample Lectures for First Secondary - Unit 2
-- ==========================================

INSERT INTO public.lectures (id, unit_id, title, description, content_type, video_duration, is_free, sort_order) VALUES
    ('lec22222-1111-1111-1111-111111111111', 'aaaa2222-2222-2222-2222-222222222222', 'تركيب الذرة', 'مكونات الذرة: البروتونات والنيوترونات والإلكترونات', 'video', 2100, false, 1),
    ('lec22222-2222-2222-2222-222222222222', 'aaaa2222-2222-2222-2222-222222222222', 'النماذج الذرية', 'نموذج دالتون وطومسون ورذرفورد وبور', 'video', 2400, false, 2),
    ('lec22222-3333-3333-3333-333333333333', 'aaaa2222-2222-2222-2222-222222222222', 'التوزيع الإلكتروني', 'قواعد التوزيع الإلكتروني وأمثلة عملية', 'video', 2700, false, 3)
ON CONFLICT DO NOTHING;

-- ==========================================
-- Sample Exams
-- ==========================================

INSERT INTO public.exams (id, course_id, title, description, duration_minutes, passing_score, max_attempts) VALUES
    ('exam1111-1111-1111-1111-111111111111', '11111111-1111-1111-1111-111111111111', 'اختبار الباب الأول', 'اختبار شامل على الباب الأول - الكيمياء مركز العلوم', 30, 60, 3),
    ('exam2222-2222-2222-2222-222222222222', '11111111-1111-1111-1111-111111111111', 'اختبار الباب الثاني', 'اختبار شامل على الباب الثاني - بنية الذرة', 45, 60, 3)
ON CONFLICT DO NOTHING;

-- ==========================================
-- Sample Questions for Exam 1
-- ==========================================

INSERT INTO public.questions (exam_id, question_text, option_a, option_b, option_c, option_d, correct_answer, explanation, sort_order) VALUES
    ('exam1111-1111-1111-1111-111111111111', 'ما هو العالم الذي وضع أول نظرية ذرية حديثة؟', 'دالتون', 'طومسون', 'رذرفورد', 'بور', 'A', 'جون دالتون هو العالم الإنجليزي الذي وضع أول نظرية ذرية حديثة في القرن التاسع عشر', 1),
    ('exam1111-1111-1111-1111-111111111111', 'أي من الآتي ليس من فروع الكيمياء الأساسية؟', 'الكيمياء العضوية', 'الكيمياء الفيزيائية', 'الكيمياء الهندسية', 'الكيمياء التحليلية', 'C', 'الكيمياء الهندسية ليست فرعاً أساسياً بل تطبيق للكيمياء في الصناعة', 2),
    ('exam1111-1111-1111-1111-111111111111', 'ما هي الذرة؟', 'أصغر جزء من المادة', 'أصغر جزء من العنصر يحمل خصائصه', 'أصغر جزء من المركب', 'جزء كبير من المادة', 'B', 'الذرة هي أصغر جزء من العنصر يحتفظ بخصائصه الكيميائية', 3),
    ('exam1111-1111-1111-1111-111111111111', 'أي من العلوم التالية ترتبط بالكيمياء ارتباطاً وثيقاً؟', 'الفيزياء فقط', 'الأحياء فقط', 'الفيزياء والأحياء والجيولوجيا', 'لا ترتبط بأي علم', 'C', 'الكيمياء علم مركزي يرتبط بجميع العلوم الطبيعية', 4),
    ('exam1111-1111-1111-1111-111111111111', 'ما هو الرمز الكيميائي للصوديوم؟', 'S', 'So', 'Na', 'Sd', 'C', 'رمز الصوديوم هو Na من الاسم اللاتيني Natrium', 5)
ON CONFLICT DO NOTHING;

-- ==========================================
-- Sample Activation Codes
-- ==========================================

INSERT INTO public.activation_codes (code, course_id, is_used, expires_at) VALUES
    ('CHEM1-2024-XXXX', '11111111-1111-1111-1111-111111111111', false, '2025-12-31'),
    ('CHEM1-2024-YYYY', '11111111-1111-1111-1111-111111111111', false, '2025-12-31'),
    ('CHEM2-2024-XXXX', '22222222-2222-2222-2222-222222222222', false, '2025-12-31'),
    ('CHEM3-2024-XXXX', '33333333-3333-3333-3333-333333333333', false, '2025-12-31'),
    ('TEST-CODE-FREE', '11111111-1111-1111-1111-111111111111', false, '2026-12-31')
ON CONFLICT DO NOTHING;

-- ==========================================
-- Sample General Notification
-- ==========================================

INSERT INTO public.notifications (user_id, title, message, type) VALUES
    (NULL, 'مرحباً بك في العلومنجي!', 'أهلاً وسهلاً بك في منصة العلومنجي التعليمية. استمتع بتجربة تعليمية مميزة مع د. محمود سعيد.', 'general')
ON CONFLICT DO NOTHING;
